beta_id,name,bucket,org_school_team,role_title,region,public_website,public_email,email_confidence,minor_or_guardian_required,priority,notes,source
0,Matthew Acunto,founder,Harbor Shield / The Vaultz,Founder,"Hampton Roads, VA",mailto:mdveke06@gmail.com,,none,no,critical,Beta #0 — product owner. Contacts: mdveke06@gmail.com · mattacunto@gmail.com. Self-pilot first.,owner
1,Beau Pribula,college_nil,University of Virginia Football,QB / NIL athlete (public valuation listings),"Charlottesville, VA / ACC",https://virginiasports.com/,,none,no,high,Public NIL valuation lists (e.g. The NIL Standard) name Pribula among UVA leaders. Outreach via athletics NIL / agent — no personal email listed here.,thenilstandard.com/football/teams/virginia; virginiasports.com
2,Ethan Grunkemeyer,college_nil,Virginia Tech Football,QB / NIL athlete,"Blacksburg, VA / ACC",https://hokiesports.com/sports/football/roster,,none,no,high,Public VT roster + NIL valuation lists. Use VT NIL protocol / compliance path.,hokiesports.com; thenilstandard.com/football/teams/virginia-tech
3,Zion Frink,college_nil,Old Dominion University Football,CB / student-athlete,"Norfolk / Chesapeake, VA — Hampton Roads",https://odusports.com/sports/football/roster,,none,no,high,Listed on official ODU 2026 football roster; Hampton Roads hometown (Chesapeake). Strong network fit.,odusports.com
4,Ayden Greene,college_nil,Virginia Tech Football,WR / NIL athlete,"Blacksburg, VA / ACC",https://hokiesports.com/sports/football/roster,,none,no,medium,On official VT roster; appears on public NIL valuation boards.,hokiesports.com; thenilstandard.com
5,Fisher Camac,college_nil,University of Virginia Football,EDGE / NIL athlete,"Charlottesville, VA / ACC",https://virginiasports.com/,,none,no,medium,Public NIL valuation lists for UVA roster.,thenilstandard.com/football/teams/virginia
6,Mario Thompson,college_nil,Old Dominion University Football,LB / student-athlete,"Norfolk / Richmond, VA — Hampton Roads program",https://odusports.com/sports/football/roster,,none,no,medium,"Official ODU roster; Richmond, Va. HS Trinity Episcopal.",odusports.com
7,UVA Athletics NIL / External Relations (department pilot),college_nil,University of Virginia Athletics,Athletic dept NIL package buyer,"Charlottesville, VA / ACC",https://virginiasports.com/,,none,no,high,Department-level pilot (roster package). Contact via official staff directory only — do not invent emails.,virginiasports.com
8,Virginia Tech Athletics NIL office (department pilot),college_nil,Virginia Tech Athletics,NIL protocol / compliance / external,"Blacksburg, VA / ACC",https://hokiesports.com/virginia-tech-athletics-name-image-likeness-nil-protocol,,none,no,high,Official NIL protocol page; disclosure via NIL Go. Department package prospect.,hokiesports.com
9,Dacori Graves,hs_athlete_minor,Princess Anne HS (Virginia Beach) Football — Class of 2026,RB/WR prospect (public recruiting profile),"Virginia Beach, VA",https://www.ncsasports.org/football-recruiting/virginia/virginia-beach/princess-anne-high-school-va-beach/dacori-graves,,none,YES — parent/guardian or authorized agent REQUIRED,medium,MINOR FLAG. Public NCSA recruiting profile only. No outreach to minor directly. No personal email. Parent/guardian consent required before any watchlist.,ncsasports.org public profile
10,Lahai Massaquoi,hs_athlete_minor,Kempsville HS (Virginia Beach) Football — Class of 2026,TE/DT prospect (public recruiting profile),"Virginia Beach, VA",https://www.ncsasports.org/football-recruiting/virginia/virginia-beach/kempsville-high-school/lahai-massaquoi,,none,YES — parent/guardian or authorized agent REQUIRED,medium,MINOR FLAG. Age listed on public NCSA profile as 17. Parent/guardian only. Do not invent contact info.,ncsasports.org public profile
11,Jacob Roberson,hs_athlete_minor,Kempsville HS (Virginia Beach) Football — Class of 2026,OG/DT prospect (public recruiting profile),"Virginia Beach, VA",https://www.ncsasports.org/football-recruiting/virginia/virginia-beach/kempsville-high-school/jacob-roberson17,,none,YES — parent/guardian or authorized agent REQUIRED,low,MINOR FLAG. Public recruiting profile. Outreach only via parent/guardian/agent.,ncsasports.org public profile
12,Dewon Hayes,hs_athlete_minor,Green Run HS (Virginia Beach) Football — Class of 2026,WR/CB prospect (public recruiting profile),"Virginia Beach, VA",https://www.ncsasports.org/football-recruiting/virginia/virginia-beach/green-run-high-school/dewon-hayes,,none,YES — parent/guardian or authorized agent REQUIRED,low,MINOR FLAG. Public NCSA profile. Parent/guardian required.,ncsasports.org public profile
13,Class of 2027 VA Beach / Chesapeake recruit cluster (placeholder org),hs_athlete_minor,VHSL Hampton Roads high schools (multi),Up-and-coming HS athletes — group pilot via club/parent org,"Hampton Roads, VA",https://www.vhsl.org/,,none,YES — parent/guardian or authorized agent REQUIRED for every subject,medium,MINOR FLAG for all subjects. Do not name unverified individuals. Warm intros via coaches/parents only after authorization letters. No erase-records claims.,vhsl.org / school athletics pages
14,"Michael C. Creedon, Jr.",ceo_coo,"Dollar Tree, Inc.",Chief Executive Officer,"Chesapeake, VA / Hampton Roads",https://corporate.dollartree.com/about/leadership/executive-leadership,,none,no,high,Named permanent CEO Dec 2024 (public press release). Lives in Hampton Roads per company bio. Outreach via corporate communications — no personal email invented.,corporate.dollartree.com press release / leadership
15,Christopher D. Kastner,ceo_coo,Huntington Ingalls Industries (HII),President and CEO,"Newport News, VA / Hampton Roads",https://www.hii.com/,,none,no,high,Public CEO of HII / Newport News Shipbuilding parent. Virginia Business 2026 profile. IR/comms path only.,virginiabusiness.com; hii.com; marketscreener
16,Dennis Matheis,ceo_coo,Sentara Health,President and CEO,"Norfolk, VA / Hampton Roads",https://www.sentara.com/aboutus/about-sentara/leadership/dennis-matheis,,none,no,high,Official Sentara leadership bio. Co-Chair Hampton Roads Executive Roundtable (public).,sentara.com leadership
17,Kevin Murphy,ceo_coo,Ferguson,President & Chief Executive Officer,"Newport News area, VA (Ferguson Enterprises)",https://corporate.ferguson.com/about-us/our-leadership/,,none,no,medium,Official Ferguson leadership page. Corporate HQ adjacency to Harbor Shield network.,corporate.ferguson.com
18,Martin Sjolund,ceo_coo,"PRA Group, Inc.",President and CEO,"Norfolk, VA",https://www.pragroup.com/about-pra-group/leadership/,,none,no,medium,Official PRA Group leadership page (Norfolk public company).,pragroup.com/leadership
19,William I. Foster III,ceo_coo,TowneBank,President and Chief Executive Officer (per 2024 proxy),"Hampton Roads, VA",https://www.townebank.com/,,none,no,medium,"Proxy materials list Foster as CEO effective Jan 1, 2023. Verify current title on townebank.com before outreach — site bios may lag. No invented email.",TowneBank 2024 proxy (public SEC/company filings)
20,Jocelyn Konrad,ceo_coo,"Dollar Tree, Inc.","EVP, Chief Retail Officer (ops adjacency / COO-like)","Chesapeake, VA / Hampton Roads",https://corporate.dollartree.com/about/leadership/executive-leadership,,none,no,low,Named EVP Chief Retail Officer Feb 2026 on Dollar Tree leadership page. Executive brand protection adjacency.,corporate.dollartree.com leadership
